"0","calculate_gradient_norm(calculate_gradient(10,2,1,0.1,1))"
"1"," [1]"
"1"," 0.000000"
"1"," 1.414214"
"1"," 2.959916"
"1"," 3.319488"
"1"," 3.363257"
"1"," 3.372032"
"1"," 3.372032"
"1"," 3.372032"
"1"," 3.372032"
"1","
"
"1","[10]"
"1"," 3.372032"
"1"," 3.372032"
"1","
"
