"0","calculate_gradient_norm(calculate_gradient(10,2,1,0.1,1))"
"1"," [1]"
"1"," 0.000000"
"1"," 1.414214"
"1"," 2.941552"
"1"," 3.271550"
"1"," 3.307821"
"1"," 3.311325"
"1"," 3.311643"
"1"," 3.311671"
"1"," 3.311673"
"1","
"
"1","[10]"
"1"," 3.311673"
"1"," 3.311673"
"1","
"
